year,exporter,importer,product,value_kusd,quantity_tonnes
2009,Argentina,World,1201,1675490.452,4292320.748
2009,Aruba,World,1201,1.048,0.072
2009,Australia,World,1201,4350.841,7159.507
2009,Austria,World,1201,31265.955,44547.9
2009,Belgium,World,1201,68112.145,140036.505
2009,Bhutan,World,1201,16.29,27.825
2009,Bolivia (Plurinational State of),World,1201,51037.72123,134925.84
2009,Botswana,World,1201,0.737,0.846
2009,Brazil,World,1201,11424264.951,28562693.581742
2009,Brunei Darussalam,World,1201,11.627,22.47
2009,Bulgaria,World,1201,18.146,1.8
2009,Burkina Faso,World,1201,191.3697,500.0
2009,Cabo Verde,World,1201,1.742,2.1
2009,Cambodia,World,1201,319.776,2170.0
2009,Canada,World,1201,964974.844,2279066.442
2009,Chile,World,1201,28114.99064,12666.881039999998
2009,China,World,1201,237135.962,346557.22
2009,"China, Hong Kong SAR",World,1201,3715.968,10956.982
2009,Colombia,World,1201,263.374,214.752
2009,Costa Rica,World,1201,105.23,60.059
2009,Croatia,World,1201,17838.48,41389.436
2009,Czechia,World,1201,460.979,785.512
2009,Denmark,World,1201,1323.954,2258.33
2009,Dominican Rep.,World,1201,0.04588,0.0909
2009,Ecuador,World,1201,0.612,0.568
2009,Egypt,World,1201,1839.424407,4325.821150000001
2009,Estonia,World,1201,785.5713000000001,161.2403
2009,Eswatini,World,1201,90.540282,207.199384
2009,Ethiopia,World,1201,230.38659,462.01
2009,Finland,World,1201,0.308,0.098
2009,France,World,1201,10521.358,19025.484
2009,Germany,World,1201,20762.223071,39024.38071
2009,Ghana,World,1201,4.592,17.506
2009,Greece,World,1201,221.604,413.984
2009,Guatemala,World,1201,476.102,368.347
2009,Guyana,World,1201,0.026,0.026
2009,Honduras,World,1201,2.576,2.784
2009,Hungary,World,1201,10304.0,24801.0
2009,India,World,1201,21312.959,50327.73
2009,Indonesia,World,1201,341.923,446.001
2009,Ireland,World,1201,672.897233,1150.819
2009,Israel,World,1201,4.0,1.026
2009,Italy,World,1201,52272.404019,76490.014
2009,Jamaica,World,1201,0.566,0.084
2009,Japan,World,1201,72.479,35.98
2009,Jordan,World,1201,569.17,1099.972
2009,Kazakhstan,World,1201,1344.249,3883.275
2009,Kenya,World,1201,26.137,75.84
2009,Lebanon,World,1201,0.99,1.053
2009,Lesotho,World,1201,0.059006,0.001
2009,Lithuania,World,1201,0.065,0.004
2009,Luxembourg,World,1201,94.262,8.637
2009,Malawi,World,1201,4452.941543,3186.0
2009,Malaysia,World,1201,13114.801,29089.501
2009,Mauritius,World,1201,2.416,1.507
2009,Mexico,World,1201,99.133,136.862
2009,Namibia,World,1201,96.33,26.39
2009,Nepal,World,1201,0.194,0.75
2009,Netherlands,World,1201,480179.479,927989.331
2009,New Zealand,World,1201,7.971,5.606
2009,Nicaragua,World,1201,1091.285,889.542
2009,North Macedonia,World,1201,3.92105,2.5
2009,"Other Asia, nes",World,1201,138.552,52.842
2009,Paraguay,World,1201,781834.569,2115043.674
2009,Peru,World,1201,35.657,32.946
2009,Poland,World,1201,26.572,26.936
2009,Portugal,World,1201,12945.271,27822.684
2009,Qatar,World,1201,1.14,2.204
2009,Rep. of Korea,World,1201,116.458,147.713
2009,Rep. of Moldova,World,1201,4406.0,11455.914
2009,Romania,World,1201,4792.9694500000005,11548.372
2009,Russian Federation,World,1201,482.049,1770.513
2009,Serbia,World,1201,1843.144,2322.647
2009,Singapore,World,1201,315.242,331.02
2009,Slovakia,World,1201,6725.61,7107.087
2009,Slovenia,World,1201,235.949,509.565
2009,South Africa,World,1201,67895.966,161922.435
2009,Spain,World,1201,3137.996698,7666.7038
2009,Sri Lanka,World,1201,61.667,20.639
2009,Sweden,World,1201,36.278,25.19
2009,Syria,World,1201,236.255,886.725
2009,Thailand,World,1201,1262.692,1295.975
2009,Togo,World,1201,92.959932,282.196
2009,Türkiye,World,1201,83.745,66.2
2009,USA,World,1201,16475854.47,40505679.02
2009,Uganda,World,1201,1075.728,4850.401
2009,Ukraine,World,1201,83128.53,263140.29
2009,United Arab Emirates,World,1201,3833.223,11.907
2009,United Kingdom,World,1201,3171.444,4371.608
2009,United Rep. of Tanzania,World,1201,202.567,298.285
2009,Uruguay,World,1201,455773.041,1090028.466
2009,Viet Nam,World,1201,489.638,946.269
2009,Yemen,World,1201,0.108,0.44
2009,Zambia,World,1201,3423.346892,8050.771932
2009,Zimbabwe,World,1201,20.0,2.0
2010,Argentina,World,1201,4986276.734,13616012.009
2010,Australia,World,1201,1991.092,2316.447
2010,Austria,World,1201,26291.408,39700.192
2010,Belarus,World,1201,221.8,177.165
2010,Belgium,World,1201,74240.932057,143163.37178
2010,Benin,World,1201,28.712,286.575
2010,Bhutan,World,1201,10.123,19.33
2010,Bolivia (Plurinational State of),World,1201,19433.17754,51228.24
2010,Bosnia Herzegovina,World,1201,1.602,2.2
2010,Botswana,World,1201,0.5890209999999999,0.37725
2010,Brazil,World,1201,11042999.979,29073152.744
2010,Brunei Darussalam,World,1201,19.813824,44.895925000000005
2010,Bulgaria,World,1201,946.03,1747.765
2010,Burkina Faso,World,1201,100.304215,274.0
2010,Cambodia,World,1201,1364.777,7119.6
2010,Canada,World,1201,1368352.95,2775968.695
2010,Chile,World,1201,25913.87546,12798.80721
2010,China,World,1201,118253.784,163597.949
2010,"China, Hong Kong SAR",World,1201,3889.023,11463.171
2010,Colombia,World,1201,300.198,265.349
2010,Costa Rica,World,1201,52.932,39.325
2010,Croatia,World,1201,17554.266,37730.917
2010,Czechia,World,1201,556.464,924.986
2010,Côte d'Ivoire,World,1201,0.009751,0.003
2010,Denmark,World,1201,1272.314,2713.408
2010,Dominican Rep.,World,1201,16.028,0.474
2010,Ecuador,World,1201,0.651,0.336
2010,Egypt,World,1201,496.244,1795.694
2010,El Salvador,World,1201,0.11792,0.02
2010,Estonia,World,1201,890.762,182.607
2010,Eswatini,World,1201,52.099737999999995,102.394634
2010,Ethiopia,World,1201,179.93018,357.284
2010,Finland,World,1201,1.997,1.036
2010,France,World,1201,18108.485,24155.536
2010,Germany,World,1201,18219.601454,40962.481
2010,Ghana,World,1201,0.904404,1.87256
2010,Greece,World,1201,22.86,48.35
2010,Guatemala,World,1201,151.934,202.808
2010,Guyana,World,1201,0.001,0.001
2010,Hungary,World,1201,13827.0,29764.3
2010,India,World,1201,7639.757,17321.834
2010,Indonesia,World,1201,342.814,385.422
2010,Iran,World,1201,675.93,1400.019
2010,Ireland,World,1201,795.747046,1498.025
2010,Italy,World,1201,63884.749,101268.715
2010,Jamaica,World,1201,0.32,0.08
2010,Japan,World,1201,120.789,61.174
2010,Kazakhstan,World,1201,645.94,2329.932
2010,Kenya,World,1201,38.75,87.463
2010,Lao People's Dem. Rep.,World,1201,280.088,635.05
2010,Latvia,World,1201,3514.607,7583.14
2010,Lebanon,World,1201,0.22,0.088
2010,Lesotho,World,1201,0.388187,0.6639400000000001
2010,Lithuania,World,1201,0.74,0.491
2010,Luxembourg,World,1201,69.468,12.184
2010,Madagascar,World,1201,0.10246,0.55
2010,Malawi,World,1201,4654.241199,9942.68
2010,Malaysia,World,1201,10392.82,19461.434
2010,Mali,World,1201,6.054,60.0
2010,Mexico,World,1201,147.192,96.262
2010,Morocco,World,1201,25.686,15.0
2010,Myanmar,World,1201,22.0,44.0
2010,Namibia,World,1201,120.553,237.52
2010,Netherlands,World,1201,517537.03,1150513.87
2010,New Caledonia,World,1201,0.022,0.004
2010,New Zealand,World,1201,4.114326,2.216
2010,Nicaragua,World,1201,73.848,227.647
2010,Nigeria,World,1201,943.358,879.454
2010,North Macedonia,World,1201,0.24308,0.1232
2010,Oman,World,1201,38.817,80.67
2010,"Other Asia, nes",World,1201,258.136,286.254
2010,Pakistan,World,1201,89.288,7.641
2010,Panama,World,1201,2.929,0.045
2010,Paraguay,World,1201,1590595.598,4658608.533
2010,Peru,World,1201,115.93518,120.40113
2010,Philippines,World,1201,11.18,2.193
2010,Poland,World,1201,97.377,147.775
2010,Portugal,World,1201,13915.012,32082.11
2010,Qatar,World,1201,1.14,1.0
2010,Rep. of Korea,World,1201,312.317,276.847
2010,Rep. of Moldova,World,1201,15768.843,35062.201
2010,Romania,World,1201,17990.876,36941.95
2010,Russian Federation,World,1201,224.89,748.015
2010,Serbia,World,1201,22691.699,48604.876
2010,Singapore,World,1201,550.7703839999999,759.4005
2010,Slovakia,World,1201,6754.247063,7665.465
2010,Slovenia,World,1201,94180.268,227424.352
2010,South Africa,World,1201,53753.54597,124453.05368
2010,Spain,World,1201,4566.129228,8831.920820000001
2010,Sri Lanka,World,1201,71.918,35.854
2010,Sweden,World,1201,222.557,329.117
2010,Switzerland,World,1201,442.276,283.749
2010,Syria,World,1201,170.921,503.5
2010,Thailand,World,1201,1549.689,953.824
2010,Togo,World,1201,131.15359700000002,434.56
2010,Trinidad and Tobago,World,1201,0.024,0.01
2010,Tunisia,World,1201,31.849,32.0
2010,USA,World,1201,18638247.754,42343693.962
2010,Uganda,World,1201,293.614,1409.8
2010,Ukraine,World,1201,174233.191,449449.178
2010,United Arab Emirates,World,1201,82.396,156.037
2010,United Kingdom,World,1201,6083.926,11163.06
2010,United Rep. of Tanzania,World,1201,854.579,1206.5
2010,Uruguay,World,1201,705464.311,1968195.091
2010,Viet Nam,World,1201,853.271,1934.645
2010,Zambia,World,1201,5945.441975,13471.711277
2011,Argentina,World,1201,5258163.595,10420216.373
2011,Australia,World,1201,1621.167,2055.51
2011,Austria,World,1201,36428.912,52096.146
2011,Belarus,World,1201,20.4,20.025
2011,Belgium,World,1201,129411.979151,215960.23017
2011,Benin,World,1201,6.335,20.0
2011,Bhutan,World,1201,2.596,4.695
2011,Bolivia (Plurinational State of),World,1201,15394.50548,31895.86
2011,Bosnia Herzegovina,World,1201,140.795,268.54
2011,Botswana,World,1201,0.098159,0.1263
2011,Brazil,World,1201,16322085.276,32975566.459
2011,Brunei Darussalam,World,1201,2.522432,4.808371
2011,Bulgaria,World,1201,1758.631,3138.474
2011,Cambodia,World,1201,1712.344,7334.0
2011,Canada,World,1201,1444045.626,2650761.487
2011,Chile,World,1201,22098.420550000003,10758.22625
2011,China,World,1201,161543.899,208262.291
2011,"China, Hong Kong SAR",World,1201,3774.609,10799.181
2011,Colombia,World,1201,492.838,378.032
2011,Costa Rica,World,1201,62.431,48.308
2011,Croatia,World,1201,26683.167,54700.871
2011,Czechia,World,1201,1580.12,2778.384
2011,Denmark,World,1201,63.049,75.378
2011,Dominican Rep.,World,1201,0.5,0.227
2011,Ecuador,World,1201,50.69,95.0
2011,Egypt,World,1201,138.266,74.506
2011,Estonia,World,1201,1783.154,2211.612
2011,Eswatini,World,1201,49.994694,99.87173
2011,Ethiopia,World,1201,490.396966,1004.496
2011,Fiji,World,1201,0.838,0.352
2011,Finland,World,1201,2.564,1.135
2011,France,World,1201,31229.023,34182.148
2011,Germany,World,1201,29151.293008,58766.044
2011,Ghana,World,1201,19.769,17.55
2011,Greece,World,1201,93.777,107.842
2011,Guatemala,World,1201,38.353,41.02
2011,Guyana,World,1201,0.086,0.092
2011,Hungary,World,1201,21916.0,42355.1
2011,India,World,1201,18577.682,30556.416
2011,Indonesia,World,1201,437.587,546.549
2011,Iran,World,1201,733.026,1480.463
2011,Ireland,World,1201,713.655329,1073.605
2011,Israel,World,1201,5.0,11.516
2011,Italy,World,1201,73204.626,95452.88
2011,Japan,World,1201,119.685,12.687
2011,Jordan,World,1201,2560.796,8286.63
2011,Kazakhstan,World,1201,2171.708,6449.05
2011,Kuwait,World,1201,9.059,25.0
2011,Lao People's Dem. Rep.,World,1201,311.827,718.191
2011,Latvia,World,1201,9254.166,18566.522
2011,Lebanon,World,1201,0.928,0.315
2011,Lithuania,World,1201,2.411,2.513
2011,Luxembourg,World,1201,4.554,0.182
2011,Malawi,World,1201,3006.424772,4789.525
2011,Malaysia,World,1201,17190.762,28628.351
2011,Mali,World,1201,4.236,20.0
2011,Mauritius,World,1201,56.522,92.114
2011,Mexico,World,1201,130.987,84.739
2011,Mozambique,World,1201,16.0,28.45
2011,Myanmar,World,1201,169.84,391.169
2011,Namibia,World,1201,8.807,16.51
2011,Nepal,World,1201,0.063,0.05
2011,Netherlands,World,1201,399294.279661,727042.316923
2011,New Zealand,World,1201,15.894161,17.349760999999997
2011,Nicaragua,World,1201,91.751,207.132
2011,Niger,World,1201,0.76,2.4
2011,North Macedonia,World,1201,0.327,0.148
2011,Oman,World,1201,14.336,18.175
2011,"Other Asia, nes",World,1201,54.185,53.446
2011,Paraguay,World,1201,2294318.165,5093590.85
2011,Peru,World,1201,95.97087,78.74419999999999
2011,Philippines,World,1201,87.526,31.316
2011,Poland,World,1201,1695.304,2987.818
2011,Portugal,World,1201,7375.934,14662.101
2011,Rep. of Korea,World,1201,286.653,137.77
2011,Rep. of Moldova,World,1201,22748.152,53095.629
2011,Romania,World,1201,38371.609,72715.606
2011,Russian Federation,World,1201,1155.997,4547.057
2011,Rwanda,World,1201,0.827532,7.3
2011,Serbia,World,1201,20729.504,40529.378
2011,Singapore,World,1201,342.33218300000004,324.56
2011,Slovakia,World,1201,15316.02607,12532.829
2011,Slovenia,World,1201,122229.7,247943.102
2011,South Africa,World,1201,23835.02173,44835.418692
2011,Spain,World,1201,2866.6664029999997,2130.16884
2011,Sri Lanka,World,1201,50.886,48.555
2011,Sudan (...2011),World,1201,102.788,145.0
2011,Sweden,World,1201,107.305,27.514
2011,Switzerland,World,1201,200.01,144.829
2011,Thailand,World,1201,1862.949,2629.389
2011,Togo,World,1201,105.03999,289.0
2011,Trinidad and Tobago,World,1201,217.338155,450.814
2011,Türkiye,World,1201,5.692,2.48
2011,USA,World,1201,17612019.146,34394112.761
2011,Uganda,World,1201,874.793,1796.198
2011,Ukraine,World,1201,468731.905,1096302.863
2011,United Kingdom,World,1201,613.588,716.546
2011,United Rep. of Tanzania,World,1201,286.653,550.29
2011,Uruguay,World,1201,805605.28,1700762.054
2011,Viet Nam,World,1201,32.474,74.793
2011,Zambia,World,1201,1075.851537,2050.835568
2014,Argentina,World,1201,3776220.42464,7441396.83553
2014,Australia,World,1201,3682.337,4248.729
2014,Austria,World,1201,37630.093383,37140.63082
2014,Belarus,World,1201,1.7,0.4
2014,Belgium,World,1201,53329.321122,79256.4505
2014,Benin,World,1201,677.834,1674.41
2014,Bolivia (Plurinational State of),World,1201,89783.92555,183636.497
2014,Bosnia Herzegovina,World,1201,323.779,573.24
2014,Brazil,World,1201,23277378.054,45691991.34
2014,Brunei Darussalam,World,1201,50.146,57.0
2014,Bulgaria,World,1201,406.615,138.965
2014,Burkina Faso,World,1201,442.148074,600.0
2014,Cambodia,World,1201,112.219,140.0
2014,Canada,World,1201,1781673.068,3520630.757
2014,Chile,World,1201,7015.3627400000005,2834.0687000000003
2014,China,World,1201,199080.087,207071.16
2014,"China, Hong Kong SAR",World,1201,6152.082,10341.484
2014,Colombia,World,1201,7.746,2.707
2014,Costa Rica,World,1201,12.841,18.738
2014,Croatia,World,1201,38552.438,77397.587
2014,Czechia,World,1201,5345.308,7702.959
2014,Côte d'Ivoire,World,1201,66.552546,203.395
2014,Denmark,World,1201,1636.472,1829.844
2014,Ecuador,World,1201,8.2,3.899
2014,Egypt,World,1201,537.956,1182.528
2014,El Salvador,World,1201,0.604,4.6025
2014,Estonia,World,1201,703.316,567.327
2014,Eswatini,World,1201,26.308216,40.55
2014,Fiji,World,1201,0.38,0.1
2014,Finland,World,1201,2108.788,3024.353
2014,France,World,1201,22096.706,28260.358
2014,Georgia,World,1201,549.8475,836.73
2014,Germany,World,1201,38829.472499,60269.926
2014,Ghana,World,1201,25.152534,130.6654
2014,Greece,World,1201,19.899,15.884
2014,Guatemala,World,1201,53.912,25.415
2014,Honduras,World,1201,1.2,0.605
2014,Hungary,World,1201,19338.181,33266.57
2014,India,World,1201,151283.908,204365.453
2014,Indonesia,World,1201,24414.89,41303.543
2014,Iran,World,1201,38.577949999999994,38.803
2014,Ireland,World,1201,1142.574628,1671.727
2014,Israel,World,1201,167.0,231.385
2014,Italy,World,1201,21962.809,20630.442
2014,Japan,World,1201,399.448,83.588
2014,Kazakhstan,World,1201,10801.311,19940.152
2014,Kuwait,World,1201,3.823,6.017
2014,Kyrgyzstan,World,1201,0.084,0.2
2014,Lao People's Dem. Rep.,World,1201,28.342,47.618
2014,Latvia,World,1201,1924.53707,1124.417
2014,Lithuania,World,1201,684.815,910.89
2014,Luxembourg,World,1201,15.85,19.649
2014,Madagascar,World,1201,0.3750529999999999,1.5
2014,Malaysia,World,1201,14738.584,23482.629
2014,Mauritius,World,1201,0.103,0.05
2014,Mozambique,World,1201,712.95,1496.34
2014,Namibia,World,1201,1.2,0.931
2014,Nepal,World,1201,8.451,8.595
2014,Netherlands,World,1201,648083.965498,1154998.128
2014,New Zealand,World,1201,5.731109999999999,3.992
2014,Nicaragua,World,1201,120.295,319.59
2014,North Macedonia,World,1201,0.126,0.034
2014,Oman,World,1201,95.804933,150.7
2014,"Other Asia, nes",World,1201,129.227,2.818
2014,Paraguay,World,1201,2305069.92,4844379.508
2014,Peru,World,1201,8.312610000000001,6.76642
2014,Philippines,World,1201,19.859,31.74
2014,Poland,World,1201,431.925,730.797
2014,Portugal,World,1201,11668.499,21260.591
2014,Rep. of Korea,World,1201,591.671,1087.460216
2014,Rep. of Moldova,World,1201,18402.063,42554.065
2014,Romania,World,1201,27465.746,40088.114
2014,Russian Federation,World,1201,23760.131,78731.1
2014,Rwanda,World,1201,3.991999,28.819
2014,Saudi Arabia,World,1201,55.763,5.0
2014,Serbia,World,1201,9473.622,16946.379
2014,Singapore,World,1201,977.922417,1040.7015
2014,Slovakia,World,1201,35143.452049,48654.359
2014,Slovenia,World,1201,1312.966,2305.618
2014,Spain,World,1201,13865.092526,25288.49275
2014,Sri Lanka,World,1201,941.132,1347.354
2014,Sudan,World,1201,10.8,22.0
2014,Sweden,World,1201,211.739124,34.002801
2014,Switzerland,World,1201,76.738468,30.817276999999997
2014,Thailand,World,1201,7308.259,11594.877
2014,Togo,World,1201,827.7303469999999,7497.2
2014,Trinidad and Tobago,World,1201,566.066582,882.099
2014,Türkiye,World,1201,24758.765,38104.956
2014,USA,World,1201,23906527.22,40223505.072
2014,Uganda,World,1201,903.896,1354.863
2014,Ukraine,World,1201,703115.604,1675049.744
2014,United Kingdom,World,1201,992.63,1618.449
2014,United Rep. of Tanzania,World,1201,192.611,528.044
2014,Uruguay,World,1201,1620813.818,3179930.377
2014,Viet Nam,World,1201,381.308,604.753
2014,Yemen,World,1201,15.624,19.9
2014,Zambia,World,1201,14101.133337,23577.523535
2014,Zimbabwe,World,1201,1043.403,841.13
2015,Argentina,World,1201,4269722.17483,11649617.45815
2015,Australia,World,1201,2634.219,3180.581
2015,Austria,World,1201,37531.393542000005,49519.898
2015,Bahrain,World,1201,0.5638289999999999,0.578
2015,Belarus,World,1201,0.7,0.3
2015,Belgium,World,1201,42285.278479,82414.87724
2015,Bolivia (Plurinational State of),World,1201,3305.2422,6843.12
2015,Bosnia Herzegovina,World,1201,240.294,533.357
2015,Botswana,World,1201,0.124596,0.08
2015,Brazil,World,1201,20983574.666,54324241.924195
2015,Brunei Darussalam,World,1201,10.86,12.044
2015,Bulgaria,World,1201,1111.31,2901.345
2015,Burkina Faso,World,1201,1125.102655,1824.23
2015,Burundi,World,1201,0.127,4.8
2015,Canada,World,1201,1829954.03855,4247176.605
2015,China,World,1201,125514.615,133602.897
2015,"China, Hong Kong SAR",World,1201,7766.387346,12300.089
2015,Colombia,World,1201,42.722,29.072
2015,Costa Rica,World,1201,0.99,1.549
2015,Croatia,World,1201,68610.512,169106.883
2015,Czechia,World,1201,3764.642,7098.914
2015,Côte d'Ivoire,World,1201,172.881532,446.815
2015,Denmark,World,1201,781.041,976.484
2015,Dominican Rep.,World,1201,40.418426,99.357
2015,Ecuador,World,1201,7.71,1.177
2015,Estonia,World,1201,137.895,26.242
2015,Eswatini,World,1201,1.570116,0.1583
2015,Ethiopia,World,1201,13885.169403999998,30716.884
2015,Fiji,World,1201,1.5179079999999998,1.84
2015,Finland,World,1201,11.037,2.588
2015,France,World,1201,34513.318,66024.697
2015,Georgia,World,1201,323.03704999999997,627.32
2015,Germany,World,1201,43054.951876,92914.343749
2015,Ghana,World,1201,130.775412,461.61683
2015,Greece,World,1201,85.829,119.951
2015,Guatemala,World,1201,26.938,15.865
2015,Hungary,World,1201,20753.104,46862.938
2015,India,World,1201,144642.978,212014.868
2015,Indonesia,World,1201,177.955,1202.397
2015,Iran,World,1201,41.763,59.007
2015,Ireland,World,1201,450.894988,891.591
2015,Israel,World,1201,146.0,196.2
2015,Italy,World,1201,25237.620241,31251.415
2015,Jamaica,World,1201,2.068,4.0
2015,Japan,World,1201,285.182,34.087
2015,Kazakhstan,World,1201,7054.988,15703.734
2015,Kenya,World,1201,133.91177,204.998
2015,Lao People's Dem. Rep.,World,1201,21.05,40.169
2015,Latvia,World,1201,203.493442,500.112
2015,Lebanon,World,1201,190.603163,332.2
2015,Lithuania,World,1201,746.74,951.475
2015,Luxembourg,World,1201,10.087,2.659
2015,Madagascar,World,1201,0.012135,0.012
2015,Malawi,World,1201,5231.412959,3289.15
2015,Malaysia,World,1201,10411.977,18859.687
2015,Mauritius,World,1201,0.285,0.124
2015,Mozambique,World,1201,96.67,530.0
2015,Namibia,World,1201,0.399,0.79
2015,Nepal,World,1201,0.417,0.95
2015,Netherlands,World,1201,498551.112869,1098418.833
2015,New Zealand,World,1201,10.634068,8.517
2015,Nicaragua,World,1201,56.046,128.731
2015,North Macedonia,World,1201,12.57997,26.34
2015,Norway,World,1201,0.212226,0.184
2015,Oman,World,1201,0.260078,1.0
2015,"Other Asia, nes",World,1201,152.671,107.324
2015,Pakistan,World,1201,0.11,0.075
2015,Paraguay,World,1201,1594197.534,4575599.098
2015,Peru,World,1201,208.71774,236.8624
2015,Philippines,World,1201,381.6,120.0
2015,Poland,World,1201,766.214,1820.617
2015,Portugal,World,1201,1926.647198,4164.337
2015,Rep. of Korea,World,1201,484.609,322.782
2015,Rep. of Moldova,World,1201,23282.649,69348.469
2015,Romania,World,1201,44300.412,92944.552
2015,Russian Federation,World,1201,119073.559,382659.673
2015,Rwanda,World,1201,25.686608,74.64
2015,Saint Lucia,World,1201,0.243,0.236
2015,Saudi Arabia,World,1201,75.638217,80.0
2015,Serbia,World,1201,55753.183,135842.764
2015,Singapore,World,1201,1091.435273,1822.82
2015,Slovakia,World,1201,26409.225344,58896.743
2015,Slovenia,World,1201,2803.376,6073.195
2015,South Africa,World,1201,2785.916942,5131.301295
2015,Spain,World,1201,14850.370377,36385.69674
2015,Sri Lanka,World,1201,43.829,21.69
2015,Sweden,World,1201,127.373608,30.326661
2015,Switzerland,World,1201,196.441291,119.845826
2015,Thailand,World,1201,5297.29294,9743.499072
2015,Togo,World,1201,698.089243,10229.96
2015,Trinidad and Tobago,World,1201,2.1049499999999997,1.03
2015,Tunisia,World,1201,664.461,3300.0
2015,Türkiye,World,1201,105574.478,151206.948
2015,USA,World,1201,18930953.254,48216370.462
2015,Uganda,World,1201,2808.033,7792.931
2015,Ukraine,World,1201,805451.692,2198958.351
2015,United Arab Emirates,World,1201,139.80317300000002,299.36475
2015,United Kingdom,World,1201,2441.142,5688.27
2015,Uruguay,World,1201,1121982.537,3034542.661
2015,Viet Nam,World,1201,495.817,1055.17
2015,Yemen,World,1201,0.07,0.54
2015,Zambia,World,1201,6660.434734,16312.569791
2015,Zimbabwe,World,1201,76.37799000000001,89.375
2016,Argentina,World,1201,3234922.0769499997,8948969.35289
2016,Australia,World,1201,3404.289,4073.707
2016,Austria,World,1201,43429.963166,60305.251983999995
2016,Bahrain,World,1201,4.428583,0.14
2016,Belarus,World,1201,69.2,50.7
2016,Belgium,World,1201,42084.399882,82398.659403
2016,Benin,World,1201,3167.439512,15037.841
2016,Bhutan,World,1201,1.4691869999999998,1.75
2016,Bolivia (Plurinational State of),World,1201,32033.135,90897.25
2016,Botswana,World,1201,2.804,0.001
2016,Brazil,World,1201,19331323.434,51581871.451
2016,Brunei Darussalam,World,1201,10.049,6.24
2016,Bulgaria,World,1201,3429.106665,8945.576
2016,Burkina Faso,World,1201,229.537,382.5
2016,Cambodia,World,1201,0.67,0.891
2016,Canada,World,1201,1894518.166771,4423982.183
2016,Chile,World,1201,9349.026,5071.136
2016,China,World,1201,108425.156,271875.979245
2016,"China, Hong Kong SAR",World,1201,7279.754217000001,12674.911
2016,Colombia,World,1201,35.8,8.694
2016,Croatia,World,1201,63561.632,160545.902
2016,Czechia,World,1201,4231.704,8636.411
2016,Côte d'Ivoire,World,1201,365.035286,481.092
2016,Dem. Rep. of the Congo,World,1201,46.489992,144.75
2016,Denmark,World,1201,1187.519422,1727.055
2016,Dominican Rep.,World,1201,0.502143,0.13182
2016,Estonia,World,1201,589.393549,100.714
2016,Eswatini,World,1201,2.0919749999999997,1.0
2016,Ethiopia,World,1201,30729.094215,71779.1
2016,Fiji,World,1201,0.013371,0.005
2016,France,World,1201,52143.696,108727.989
2016,Germany,World,1201,40982.203556,92347.04291
2016,Ghana,World,1201,9598.667,17311.559
2016,Greece,World,1201,197.577,279.334
2016,Guatemala,World,1201,59.485,33.121
2016,India,World,1201,97586.864,149832.036
2016,Indonesia,World,1201,281.683,1364.861
2016,Iran,World,1201,70.445,98.757
2016,Ireland,World,1201,400.9357629999999,1003.217
2016,Israel,World,1201,58.0,77.392
2016,Italy,World,1201,23989.775929000003,29409.283
2016,Japan,World,1201,601.889,79.731
2016,Jordan,World,1201,78.217,66.966
2016,Kazakhstan,World,1201,8158.001,16057.722
2016,Kuwait,World,1201,13.212945,4.045
2016,Lao People's Dem. Rep.,World,1201,54.653,138.477
2016,Latvia,World,1201,135.003424,405.245
2016,Lebanon,World,1201,78.014,100.405
2016,Lithuania,World,1201,1949.381,2779.136
2016,Luxembourg,World,1201,15.283,14.205
2016,Malawi,World,1201,8536.770942,5000.7
2016,Malaysia,World,1201,17745.769,69604.157
2016,Mali,World,1201,14.819,58.567
2016,Mauritius,World,1201,1.03173,1.025
2016,Mozambique,World,1201,202.04306,420.0
2016,Nepal,World,1201,8.380392,5.308
2016,Netherlands,World,1201,463148.049608,1100568.832
2016,New Zealand,World,1201,4.015121,0.5
2016,Nicaragua,World,1201,12.816,52.93479
2016,Niger,World,1201,1.68701,10.0
2016,North Macedonia,World,1201,0.81422,0.321786
2016,Norway,World,1201,1.897,0.687
2016,Oman,World,1201,52.0156,3.85
2016,"Other Asia, nes",World,1201,117.241,172.585
2016,Pakistan,World,1201,5.226,5.0
2016,Paraguay,World,1201,1819081.52996,5399679.105
2016,Peru,World,1201,4.35104,2.76712
2016,Poland,World,1201,1176.732,2766.132
2016,Portugal,World,1201,1173.872409,2840.169
2016,Rep. of Korea,World,1201,738.914,851.905
2016,Rep. of Moldova,World,1201,8737.796,23820.2
2016,Romania,World,1201,47117.632,108998.596
2016,Russian Federation,World,1201,133156.16862,422491.86
2016,Serbia,World,1201,52237.0,127607.3
2016,Singapore,World,1201,340.715732,252.78575
2016,Slovakia,World,1201,23045.662901,53891.943
2016,Slovenia,World,1201,3588.72177,9133.438300000002
2016,Sri Lanka,World,1201,25.658,9.485
2016,Sweden,World,1201,365.774786,376.45268
2016,Switzerland,World,1201,307.780015,161.525008
2016,Thailand,World,1201,3259.5723700000003,5574.149948
2016,Togo,World,1201,1424.503891,16331.302
2016,Trinidad and Tobago,World,1201,0.622272,0.256
2016,Türkiye,World,1201,149295.529,246023.055
2016,USA,World,1201,22884620.69,57851760.323
2016,Uganda,World,1201,6315.576,9846.58
2016,Ukraine,World,1201,985504.17048,2735661.98936
2016,United Arab Emirates,World,1201,130.24515300000002,265.09141
2016,United Kingdom,World,1201,2025.982,9455.488
2016,United Rep. of Tanzania,World,1201,395.009,279.187
2016,Uruguay,World,1201,857231.028,2267638.745
2016,Viet Nam,World,1201,330.75377000000003,587.31
2016,Zambia,World,1201,3598.496396,8267.431216
2016,Zimbabwe,World,1201,40.90822,27.416
2017,Afghanistan,World,1201,456.76872,709.5
2017,Algeria,World,1201,0.0065499999999999,0.005
2017,Angola,World,1201,33.85098,33.484
2017,Argentina,World,1201,2732359.07737,7400919.59995
2017,Australia,World,1201,2640.23246,3684.72
2017,Austria,World,1201,48594.92681,60230.645014
2017,Belarus,World,1201,107.6,42.715
2017,Benin,World,1201,6577.617982,31541.377
2017,Bolivia (Plurinational State of),World,1201,5563.612639999999,13887.35
2017,Bosnia Herzegovina,World,1201,2253.96911,5147.4
2017,Brazil,World,1201,25717736.995,68154558.657
2017,Bulgaria,World,1201,1515.874818,3652.696
2017,Burkina Faso,World,1201,707.436394,1159.375
2017,Cambodia,World,1201,56.97743,133.804949
2017,Canada,World,1201,1921724.765442,4663020.207564999
2017,Chile,World,1201,12760.86,7766.353252
2017,China,World,1201,91157.243,112184.707519
2017,"China, Hong Kong SAR",World,1201,4338.213339,7498.814
2017,Colombia,World,1201,49.58,66.5
2017,Croatia,World,1201,102092.535,231620.45638
2017,Czechia,World,1201,6421.337,13325.552
2017,Côte d'Ivoire,World,1201,151.49323199999998,382.324
2017,Dem. Rep. of the Congo,World,1201,1.893746,0.7
2017,Denmark,World,1201,1417.571824,2000.328
2017,Dominican Rep.,World,1201,27.792152,45.993246
2017,Estonia,World,1201,615.485172,105.1356
2017,Eswatini,World,1201,2.2047440000000003,2.0
2017,Ethiopia,World,1201,21871.414347,49567.4
2017,Fiji,World,1201,2.8375120000000003,0.024
2017,Finland,World,1201,1.005497,0.43
2017,France,World,1201,48460.24199,87639.994156
2017,Germany,World,1201,55228.789603,135376.266
2017,Ghana,World,1201,1622.088874,4724.28953
2017,Greece,World,1201,203.133063,218.131
2017,Guatemala,World,1201,29.492,11.715
2017,Guyana,World,1201,0.227,0.209
2017,Honduras,World,1201,0.01,0.4
2017,India,World,1201,166258.070269,292490.556391
2017,Indonesia,World,1201,251.03301,1473.05
2017,Iran,World,1201,28.355,47.618
2017,Ireland,World,1201,27.175606,94.065
2017,Israel,World,1201,19.0,26.361352
2017,Italy,World,1201,23016.866283,33435.094
2017,Jamaica,World,1201,1.05982,0.29177
2017,Japan,World,1201,305.902148,45.483512000000005
2017,Jordan,World,1201,30.477471,49.9
2017,Kazakhstan,World,1201,7209.27971,17653.52
2017,Kuwait,World,1201,15.525862,21.94
2017,Kyrgyzstan,World,1201,23.888,13.8
2017,Lao People's Dem. Rep.,World,1201,38.867,101.403451
2017,Latvia,World,1201,1917.674166,744.694
2017,Lebanon,World,1201,25.206,65.762096
2017,Lithuania,World,1201,1731.646,2790.13332
2017,Luxembourg,World,1201,3.8386,3.61629
2017,Malawi,World,1201,19305.025843,15178.6195
2017,Malaysia,World,1201,15894.066924,40030.908200000005
2017,Mauritius,World,1201,0.068809,0.028
2017,Namibia,World,1201,0.029408,0.0305
2017,Nepal,World,1201,22.484488,18.498
2017,Netherlands,World,1201,424440.903409,958906.434429
2017,New Zealand,World,1201,5.766242,0.664
2017,Nicaragua,World,1201,43.268,209.69817
2017,Niger,World,1201,2.712434,5.25
2017,North Macedonia,World,1201,0.63803,0.186
2017,Norway,World,1201,1.016996,0.414
2017,Oman,World,1201,29.820543,43.25
2017,"Other Asia, nes",World,1201,265.84134,351.65725199999997
2017,Pakistan,World,1201,21.447187000000003,27.66
2017,Paraguay,World,1201,2132416.621,6123927.975
2017,Peru,World,1201,15.38989,6.17809
2017,Philippines,World,1201,1.319,0.565
2017,Poland,World,1201,17156.223,37400.036
2017,Portugal,World,1201,325.871663,418.751
2017,Rep. of Korea,World,1201,91.762,43.574664
2017,Rep. of Moldova,World,1201,6732.094,17515.522
2017,Romania,World,1201,117209.57072,273952.145
2017,Russian Federation,World,1201,168610.57233000002,519618.353582
2017,Rwanda,World,1201,23.68938,64.43
2017,Samoa,World,1201,0.107626,0.016
2017,Saudi Arabia,World,1201,47.274145,10.607
2017,Senegal,World,1201,0.355673,2.615
2017,Serbia,World,1201,49698.609,114894.233
2017,Singapore,World,1201,285.54413900000003,276.896545
2017,Slovakia,World,1201,24657.25347,55848.29
2017,Slovenia,World,1201,11241.84816,28504.94
2017,Spain,World,1201,7285.428008000001,19214.62433
2017,Sri Lanka,World,1201,79.822617,29.55465
2017,Sudan,World,1201,24.0,40.0
2017,Sweden,World,1201,207.011491,66.429398
2017,Thailand,World,1201,2435.6045099999997,3960.10016
2017,Togo,World,1201,3316.19413,21066.028
2017,Trinidad and Tobago,World,1201,58.654863,100.007
2017,Türkiye,World,1201,78885.174,147426.62
2017,USA,World,1201,21531600.731,55380024.507
2017,Ukraine,World,1201,1059548.24605,2866547.2372
2017,United Arab Emirates,World,1201,1126.269522,1220.491
2017,United Rep. of Tanzania,World,1201,1608.97674,1114.765
2017,Uruguay,World,1201,1200432.464,3251202.845
2017,Viet Nam,World,1201,18.3354,19.2
2017,Zambia,World,1201,38478.50726699999,80281.932691
2017,Zimbabwe,World,1201,495.92269,377.42
2018,Afghanistan,World,1201,2.30943,3.0
2018,Angola,World,1201,11.927742,3.132
2018,Argentina,World,1201,1386599.7324100002,3539907.28382
2018,Australia,World,1201,2293.8001379999996,2980.91
2018,Austria,World,1201,50169.604763,62133.785
2018,Belarus,World,1201,12388.8,29079.5
2018,Belgium,World,1201,49854.275441,98348.45042
2018,Belize,World,1201,16.562405,20.6115
2018,Benin,World,1201,4948.569605000001,13871.61
2018,Bhutan,World,1201,4.533488999999999,7.4
2018,Bolivia (Plurinational State of),World,1201,3335.11,7422.55
2018,Bosnia Herzegovina,World,1201,33.07429,74.86
2018,Botswana,World,1201,33.453291,86.09
2018,Brazil,World,1201,33055027.25,83257765.584653
2018,Brunei Darussalam,World,1201,11.303752,1.3005
2018,Bulgaria,World,1201,579.219599,1333.227
2018,Burkina Faso,World,1201,1767.675962,2959.436
2018,Canada,World,1201,2221856.391998,5503878.211
2018,Chile,World,1201,13719.879,6713.712
2018,China,World,1201,100020.826,133908.344
2018,"China, Hong Kong SAR",World,1201,3247.214036,5227.962
2018,Colombia,World,1201,20.882330000000003,3.661
2018,Costa Rica,World,1201,0.82813,1.685
2018,Croatia,World,1201,57958.763,141093.8128
2018,Czechia,World,1201,3475.978,6283.25438
2018,Côte d'Ivoire,World,1201,12.097185,209.7
2018,Dem. Rep. of the Congo,World,1201,2.673082,9.735
2018,Denmark,World,1201,869.676322,1066.507
2018,Dominican Rep.,World,1201,2.6726,0.065481
2018,Ecuador,World,1201,6.532,0.87678
2018,Estonia,World,1201,614.7241019999999,101.948
2018,Fiji,World,1201,0.046949,0.23297
2018,Finland,World,1201,2.555677,0.2993809999999999
2018,France,World,1201,75589.27711200001,166873.509694
2018,Germany,World,1201,70466.915192,159063.177046
2018,Ghana,World,1201,2580.44426,5948.645
2018,Greece,World,1201,950.676441,1930.287357
2018,Guatemala,World,1201,17.927,5.503
2018,Guyana,World,1201,0.668061,0.619
2018,India,World,1201,122695.263656,209846.391
2018,Indonesia,World,1201,467.42376,2183.58726
2018,Iran,World,1201,25.129,21.407
2018,Ireland,World,1201,471.314018,2094.071
2018,Italy,World,1201,21957.441112,25743.482
2018,Jamaica,World,1201,2.92575,5.0
2018,Japan,World,1201,188.556096,43.264995000000006
2018,Kazakhstan,World,1201,15058.80694,33193.55
2018,Kuwait,World,1201,3.337,3.65
2018,Lao People's Dem. Rep.,World,1201,1381.392,3115.418994
2018,Latvia,World,1201,429.220093,781.853
2018,Lebanon,World,1201,784.737,1769.797823
2018,Lithuania,World,1201,1979.601,2235.1877000000004
2018,Luxembourg,World,1201,20.257693,10.191
2018,Malawi,World,1201,22265.146333,7716.1495
2018,Malaysia,World,1201,5840.1260760000005,11406.327
2018,Morocco,World,1201,0.025463,0.012
2018,Myanmar,World,1201,524.05721,951.9452
2018,Namibia,World,1201,11.047226,19.876757
2018,Nepal,World,1201,1.25181,3.6
2018,Netherlands,World,1201,429853.858182,978061.326
2018,New Zealand,World,1201,2.635189,0.311
2018,Nicaragua,World,1201,17.11,42.28095
2018,North Macedonia,World,1201,0.3172,0.091
2018,Norway,World,1201,0.392392,0.115
2018,Oman,World,1201,0.6501950000000001,1.0
2018,"Other Asia, nes",World,1201,252.0491,314.499865
2018,Pakistan,World,1201,316.000603,593.765
2018,Paraguay,World,1201,2205038.91,6028677.375
2018,Peru,World,1201,6.27475,5.76971
2018,Philippines,World,1201,0.414,0.12969
2018,Poland,World,1201,3659.041,7474.985
2018,Portugal,World,1201,956.555987,1958.651
2018,Rep. of Korea,World,1201,154.14,149.26669
2018,Rep. of Moldova,World,1201,5242.561,12836.441
2018,Romania,World,1201,59019.64586,139209.97
2018,Russian Federation,World,1201,290384.78258,959766.9141
2018,Rwanda,World,1201,24.604017,437.3
2018,Saudi Arabia,World,1201,44.501339,100.362762
2018,Serbia,World,1201,31030.347,70077.77
2018,Sierra Leone,World,1201,0.0571,0.003
2018,Singapore,World,1201,194.047241,218.19
2018,Slovakia,World,1201,25083.952375999997,56094.505
2018,Slovenia,World,1201,7345.29709,14342.467
2018,South Africa,World,1201,14771.874688,33513.477239
2018,Sudan,World,1201,0.211,0.384
2018,Sweden,World,1201,145.175904,47.967033
2018,Switzerland,World,1201,356.293338,283.349575
2018,Thailand,World,1201,2007.64367,3183.474477
2018,Togo,World,1201,6660.382279,28156.914
2018,Trinidad and Tobago,World,1201,6.232438,1.538
2018,Türkiye,World,1201,33486.866,69976.654
2018,USA,World,1201,17162765.835,46415332.904
2018,Ukraine,World,1201,831190.57608,2240981.5063
2018,United Arab Emirates,World,1201,236.234029,231.051041
2018,United Kingdom,World,1201,7592.243161,21802.553911
2018,Uruguay,World,1201,526546.013,1357829.4585
2018,Uzbekistan,World,1201,0.121,0.11
2018,Viet Nam,World,1201,654.50689,1476.093098
2018,Zambia,World,1201,3675.819279,8339.799624
2018,Zimbabwe,World,1201,251.4598,175.805
2020,Argentina,World,1201,2186202.07411,6359763.72612
2020,Australia,World,1201,942.975688,1031.921
2020,Austria,World,1201,70351.762852,112952.733
2020,Bahrain,World,1201,6.431760000000001,2.25232
2020,Barbados,World,1201,0.3275,0.012
2020,Belarus,World,1201,582.1,1434.801
2020,Benin,World,1201,13302.854792,39466.31
2020,Bhutan,World,1201,1.728328,6.4
2020,Bolivia (Plurinational State of),World,1201,7802.4762,19158.66
2020,Bosnia Herzegovina,World,1201,5523.554929999999,12477.5
2020,Botswana,World,1201,0.36282,0.15
2020,Brazil,World,1201,28564147.24,82973413.39774801
2020,Bulgaria,World,1201,316.148958,742.158
2020,Burkina Faso,World,1201,6361.974885,15376.73
2020,Burundi,World,1201,0.6892780000000001,0.6
2020,Cambodia,World,1201,16.45,7.096
2020,Canada,World,1201,1934976.615703,4439658.513
2020,Chile,World,1201,15290.64426,7745.219048000001
2020,China,World,1201,71392.602,79520.936416
2020,"China, Hong Kong SAR",World,1201,563.903242,731.947
2020,Colombia,World,1201,18.78062,4.380529999999999
2020,Costa Rica,World,1201,2.655,2.471
2020,Croatia,World,1201,115607.415,264681.7626
2020,Czechia,World,1201,6054.3,12430.453482
2020,Côte d'Ivoire,World,1201,59.73506,291.12
2020,Dem. Rep. of the Congo,World,1201,8.213896,41.525
2020,Denmark,World,1201,1123.2498,1127.2
2020,Dominican Rep.,World,1201,41.24916,32.49396
2020,Ecuador,World,1201,6.762,0.5
2020,Estonia,World,1201,28.83085,4.92
2020,Eswatini,World,1201,0.00634,0.0068
2020,Ethiopia,World,1201,39117.54935,67627.4989
2020,Fiji,World,1201,1.871538,0.711
2020,Finland,World,1201,0.002284,0.006154
2020,France,World,1201,105904.524523,187435.904
2020,Georgia,World,1201,7.793810000000001,19.65
2020,Germany,World,1201,21461.996519,44167.332002
2020,Greece,World,1201,1081.506558,2221.324
2020,Guatemala,World,1201,57.326,19.291
2020,Guyana,World,1201,4.260026,4.108
2020,India,World,1201,44125.644784,72020.54719900001
2020,Indonesia,World,1201,544.898387,2769.2103220000004
2020,Iran,World,1201,88.891,118.489
2020,Ireland,World,1201,779.650425,1890.841
2020,Israel,World,1201,3.0,6.2237089999999995
2020,Italy,World,1201,14774.044839,17159.309
2020,Jamaica,World,1201,0.75513,1.268
2020,Japan,World,1201,231.535125,84.4885
2020,Kazakhstan,World,1201,21544.16305,43403.052
2020,Kenya,World,1201,1.345889,1.375
2020,Kyrgyzstan,World,1201,90.85,130.0
2020,Lao People's Dem. Rep.,World,1201,2160.94425,5835.195
2020,Latvia,World,1201,116.420622,126.042
2020,Lebanon,World,1201,0.315,0.3
2020,Lesotho,World,1201,0.06021,0.04
2020,Lithuania,World,1201,1398.368,1903.71685
2020,Luxembourg,World,1201,22.220201,20.096
2020,Malawi,World,1201,13124.536674,5889.8255
2020,Malaysia,World,1201,6448.799576,11879.46
2020,Mali,World,1201,13.397358,86.0
2020,Mauritius,World,1201,0.398367,0.089
2020,Morocco,World,1201,0.093715,0.006
2020,Mozambique,World,1201,11525.31905,40797.59
2020,Myanmar,World,1201,6974.44193,15873.3464
2020,Namibia,World,1201,29.877669,45.0
2020,Nepal,World,1201,0.59846,1.35
2020,Netherlands,World,1201,447954.442069,1052177.525012
2020,New Zealand,World,1201,11.212287,15.992
2020,Nicaragua,World,1201,8.55,13.69961
2020,North Macedonia,World,1201,1.78332,3.132
2020,Norway,World,1201,143.994338,308.259
2020,Oman,World,1201,4.980493999999999,16.557
2020,"Other Asia, nes",World,1201,131.952908,97.059933
2020,Pakistan,World,1201,41.135002,72.49
2020,Paraguay,World,1201,2146549.947,6618590.573
2020,Peru,World,1201,14.72478,5.25404
2020,Philippines,World,1201,0.969,2.610567
2020,Poland,World,1201,2891.778,6266.478
2020,Portugal,World,1201,2561.979894,5974.073902
2020,Rep. of Korea,World,1201,191.342,184.563235
2020,Rep. of Moldova,World,1201,8345.017,23830.848
2020,Romania,World,1201,75087.7425,168638.57
2020,Russian Federation,World,1201,415347.76819,1196534.480717
2020,Rwanda,World,1201,10.40665,31.035
2020,Saint Vincent and the Grenadines,World,1201,102.44086,20.0
2020,Saudi Arabia,World,1201,117.429064,150.863
2020,Serbia,World,1201,108999.804,250067.851
2020,Singapore,World,1201,349.895308,469.14818
2020,Slovakia,World,1201,41389.318991,94955.113
2020,Slovenia,World,1201,4277.59822,8904.60141
2020,Spain,World,1201,2464.6737030000004,4999.31846
2020,Sri Lanka,World,1201,113.220822,37.6484
2020,Sweden,World,1201,198.14755,57.387078
2020,Switzerland,World,1201,160.946986,125.291966
2020,Togo,World,1201,26347.306494,89238.626
2020,Trinidad and Tobago,World,1201,0.867717,0.213
2020,Türkiye,World,1201,37047.877,78287.935
2020,USA,World,1201,25851456.35,64571020.836
2020,Ukraine,World,1201,690372.81036,1789059.0211500002
2020,United Arab Emirates,World,1201,243.349207,78.55405
2020,United Rep. of Tanzania,World,1201,2173.16622,2339.003
2020,Uruguay,World,1201,762141.986,2151430.5762
2020,Viet Nam,World,1201,373.54565,933.864125
2020,Zambia,World,1201,6062.299163,14525.491927
2020,Zimbabwe,World,1201,316.95403999999996,239.95
2021,Angola,World,1201,0.101078,0.033
2021,Argentina,World,1201,2232370.59624,4284452.8856
2021,Austria,World,1201,69157.380645,83924.767
2021,Bahrain,World,1201,1.770479,0.636
2021,Belarus,World,1201,120.2,69.425
2021,Benin,World,1201,9737.224563,23755.847
2021,Bolivia (Plurinational State of),World,1201,44441.3187,87010.59
2021,Bosnia Herzegovina,World,1201,6143.32708,8855.93
2021,Botswana,World,1201,6.9168,32.85
2021,Brazil,World,1201,38638730.742,86109785.91435899
2021,Brunei Darussalam,World,1201,64.52993000000001,165.0
2021,Bulgaria,World,1201,667.231023,976.594
2021,Burkina Faso,World,1201,8144.010113,21614.955
2021,Burundi,World,1201,62.347175,404.5022
2021,Cambodia,World,1201,14.6985,7.848
2021,Canada,World,1201,2467093.613184,4535213.833
2021,China,World,1201,85057.544,73626.534
2021,"China, Hong Kong SAR",World,1201,602.939397,693.364
2021,Colombia,World,1201,0.67477,0.56462
2021,Costa Rica,World,1201,0.995,1.1533099999999998
2021,Croatia,World,1201,131128.166,186429.112
2021,Czechia,World,1201,12057.361,19733.438542
2021,Côte d'Ivoire,World,1201,271.091025,1659.885
2021,Dem. Rep. of the Congo,World,1201,0.8463970000000001,2.32
2021,Denmark,World,1201,1454.360479,945.603
2021,Dominican Rep.,World,1201,58.444443,71.309674
2021,Ecuador,World,1201,38.12646,9.00715
2021,Estonia,World,1201,31.64249,4.8843000000000005
2021,Eswatini,World,1201,26.71799,53.322
2021,Ethiopia,World,1201,43273.11307,59121.378
2021,Fiji,World,1201,0.006278,0.002
2021,France,World,1201,74487.534684,106347.325723
2021,Germany,World,1201,19992.400724,28852.480600000003
2021,Ghana,World,1201,17623.513902,35531.185298000004
2021,Greece,World,1201,764.691286,1131.646
2021,Guatemala,World,1201,118.892,24.554
2021,Guyana,World,1201,4.284448,2.588
2021,Honduras,World,1201,0.3808,0.108
2021,India,World,1201,19988.392512,24477.919
2021,Indonesia,World,1201,676.563221,2178.1913
2021,Iran,World,1201,184.285,204.179
2021,Ireland,World,1201,132.445625,253.203
2021,Israel,World,1201,45.0,79.632954
2021,Italy,World,1201,29331.980977000003,31173.509
2021,Jamaica,World,1201,1.38997,1.875
2021,Japan,World,1201,293.118024,59.063325
2021,Kazakhstan,World,1201,15803.95537,21574.171
2021,Kenya,World,1201,383.760494,302.59
2021,Kyrgyzstan,World,1201,56.907,76.641
2021,Lao People's Dem. Rep.,World,1201,1386.68578,4768.16
2021,Latvia,World,1201,42.163509,17.421977
2021,Lebanon,World,1201,1.573,1.108
2021,Lesotho,World,1201,0.081104,0.02
2021,Liberia,World,1201,0.62,0.1
2021,Lithuania,World,1201,3184.663,3929.5525
2021,Luxembourg,World,1201,24.109984,11.258
2021,Madagascar,World,1201,793.061064,1817.4551
2021,Malawi,World,1201,108071.230978,29007.998574
2021,Malaysia,World,1201,6031.896422,8149.021
2021,Mali,World,1201,85.23277,501.0
2021,Mauritius,World,1201,3.180384,1.196
2021,Mexico,World,1201,299.911,488.2
2021,Mozambique,World,1201,23309.99396,77212.49
2021,Myanmar,World,1201,1760.62577,2909.4725
2021,Namibia,World,1201,2.38181,0.05
2021,Netherlands,World,1201,597446.001967,987483.533083
2021,New Zealand,World,1201,2.329184,1.462
2021,Nicaragua,World,1201,24.394,85.31821000000001
2021,North Macedonia,World,1201,0.5334800000000001,0.146
2021,Norway,World,1201,10.47043,0.52
2021,"Other Asia, nes",World,1201,95.856763,112.944584
2021,Pakistan,World,1201,206.179367,335.5
2021,Paraguay,World,1201,2975124.106,6329538.653
2021,Peru,World,1201,16.971439999999998,10.10836
2021,Philippines,World,1201,0.323,0.600157
2021,Poland,World,1201,6333.203,8171.990218999999
2021,Portugal,World,1201,5923.329056,11410.384043
2021,Rep. of Korea,World,1201,329.499,213.62073
2021,Rep. of Moldova,World,1201,3366.005,5653.355
2021,Romania,World,1201,104196.85979,166181.57846000002
2021,Russian Federation,World,1201,408026.15951,982215.76497
2021,Rwanda,World,1201,22.277189999999997,134.1
2021,Saudi Arabia,World,1201,3.046933,1.611
2021,Senegal,World,1201,1996.111657,2960.0
2021,Serbia,World,1201,44983.117,70033.929
2021,Singapore,World,1201,416.241109,493.309035
2021,Slovakia,World,1201,52925.444351000006,90697.417
2021,Slovenia,World,1201,2741.4431609999997,3919.7518
2021,South Africa,World,1201,26022.246343,39320.095608
2021,Spain,World,1201,5921.685071000001,10007.932376
2021,Sri Lanka,World,1201,65.886921,16.67402
2021,Sweden,World,1201,320.990908,97.176492
2021,Switzerland,World,1201,176.821758,150.181239
2021,Thailand,World,1201,599.528059,942.348
2021,Togo,World,1201,19910.073041,72805.4
2021,Trinidad and Tobago,World,1201,0.701928,0.194
2021,Tunisia,World,1201,0.528781,0.3
2021,Türkiye,World,1201,61676.76,98127.206
2021,USA,World,1201,27522855.411,53050523.422
2021,Uganda,World,1201,8466.98867,11895.265
2021,Ukraine,World,1201,621432.25428,1144695.5746
2021,United Arab Emirates,World,1201,225.4016,127.4176
2021,United Rep. of Tanzania,World,1201,75474.1793,108326.4586
2021,Uruguay,World,1201,892719.134,1760439.0968
2021,Viet Nam,World,1201,1551.4474,2882.698321
2021,Zambia,World,1201,21540.011955,33503.183
2021,Zimbabwe,World,1201,329.26178000000004,118.0
2022,Argentina,World,1201,3081556.64364,5195178.015
2022,Armenia,World,1201,0.4224,0.192
2022,Australia,World,1201,11699.093973,14218.125
2022,Austria,World,1201,85007.75502699999,85328.57
2022,Bahrain,World,1201,7.956037,3.58529
2022,Belgium,World,1201,69043.448454,88516.58861
2022,Belize,World,1201,12.71025,7.00399
2022,Benin,World,1201,9748.999086,22404.438
2022,Bolivia (Plurinational State of),World,1201,334478.73094,603916.55
2022,Bosnia Herzegovina,World,1201,5376.5432,7315.285
2022,Brazil,World,1201,46664334.131,78932121.711031
2022,Brunei Darussalam,World,1201,1.740447,2.0
2022,Bulgaria,World,1201,345.623136,519.646
2022,Burkina Faso,World,1201,9715.361833,20786.271
2022,Burundi,World,1201,1.4985050000000002,32.0
2022,Cabo Verde,World,1201,0.025073,0.009
2022,Cambodia,World,1201,7.5,3.0
2022,Canada,World,1201,2708977.592019,4284361.667
2022,China,World,1201,139445.931,119248.696703
2022,"China, Hong Kong SAR",World,1201,619.838262,639.104
2022,Colombia,World,1201,0.00893,1.004
2022,Costa Rica,World,1201,0.44,1.47924
2022,Croatia,World,1201,106748.028,154754.46469999998
2022,Czechia,World,1201,20782.175,28576.301
2022,Côte d'Ivoire,World,1201,417.805336,2096.028
2022,Dem. Rep. of the Congo,World,1201,4.500342,1.5
2022,Denmark,World,1201,2546.026838,1278.445
2022,Dominican Rep.,World,1201,0.51342,0.372
2022,Ecuador,World,1201,69.5107,14.4599
2022,Egypt,World,1201,40.422,62.395047
2022,Estonia,World,1201,23.66189,5.014
2022,Ethiopia,World,1201,44733.551035,53705.249
2022,Fiji,World,1201,0.307531,0.059
2022,Germany,World,1201,38443.860954,45363.404946
2022,Ghana,World,1201,16470.431729,23047.693
2022,Greece,World,1201,601.2602290000001,848.24
2022,Guatemala,World,1201,141.721,29.511121
2022,Guyana,World,1201,1.698013,1.69
2022,India,World,1201,50343.380238,54393.263313
2022,Indonesia,World,1201,7806.431972,11353.25418
2022,Iran,World,1201,27.482,39.456
2022,Ireland,World,1201,740.153131,812.807
2022,Israel,World,1201,1.0,1.0189439999999998
2022,Italy,World,1201,21406.263034000003,20768.502
2022,Jamaica,World,1201,0.04732,0.024
2022,Japan,World,1201,429.572599,125.008708
2022,Kazakhstan,World,1201,29858.22204,41898.1104
2022,Kenya,World,1201,5.5647150000000005,3.26
2022,Kyrgyzstan,World,1201,7.438,6.005
2022,Lao People's Dem. Rep.,World,1201,1447.85696,2557.465
2022,Latvia,World,1201,40.519205,13.886
2022,Lithuania,World,1201,767.326,603.3958
2022,Luxembourg,World,1201,13.340041,3.05035
2022,Madagascar,World,1201,527.455288,648.0
2022,Malawi,World,1201,24635.577131,32320.0936
2022,Malaysia,World,1201,7626.100458,8918.695
2022,Mali,World,1201,66.856212,360.65
2022,Mauritius,World,1201,14.009484,6.331
2022,Mexico,World,1201,1264.244,1118.536
2022,Mozambique,World,1201,18949.94523,83277.85
2022,Myanmar,World,1201,167.875,230.1
2022,Namibia,World,1201,0.004891,0.00364
2022,Nepal,World,1201,5.532886,3.385
2022,Netherlands,World,1201,380610.737681,536542.227
2022,New Zealand,World,1201,6.233264,4.436
2022,Nicaragua,World,1201,1399.782,767.804
2022,Nigeria,World,1201,39745.282982,65209.3
2022,North Macedonia,World,1201,0.19033,0.045
2022,Norway,World,1201,5.434346,1.113
2022,Oman,World,1201,0.2574769999999999,0.387437
2022,Pakistan,World,1201,126.980061,185.563
2022,Paraguay,World,1201,1226849.2891099998,2272659.524
2022,Peru,World,1201,214.304034,116.380054
2022,Philippines,World,1201,2.57,4.055919
2022,Poland,World,1201,59024.551,87981.048456
2022,Portugal,World,1201,4302.846392,6530.556857
2022,Rep. of Korea,World,1201,199.928,114.90205
2022,Rep. of Moldova,World,1201,4459.039,9089.86
2022,Romania,World,1201,125574.39104,174286.3459
2022,Rwanda,World,1201,0.58161,1.278
2022,Saudi Arabia,World,1201,3.5671999999999997,0.439
2022,Serbia,World,1201,7319.44,7014.404
2022,Singapore,World,1201,978.105898,984.53
2022,Slovakia,World,1201,62258.971879,103713.456
2022,Slovenia,World,1201,6743.778218,8469.204
2022,South Africa,World,1201,166431.79265599998,237267.40969
2022,Sri Lanka,World,1201,76.622297,14.70741
2022,Sweden,World,1201,481.59767,274.20318
2022,Switzerland,World,1201,89.224444,53.414011
2022,Thailand,World,1201,629.10222,950.354698
2022,Togo,World,1201,76448.30833300001,129786.768
2022,Türkiye,World,1201,86903.951,106906.457
2022,USA,World,1201,34489756.248,57332032.168
2022,Uganda,World,1201,11981.57423,13997.965
2022,Ukraine,World,1201,865427.94429,2000875.4854
2022,United Arab Emirates,World,1201,106.857437,136.191
2022,United Rep. of Tanzania,World,1201,32739.96487,45503.129719
2022,Uruguay,World,1201,1922262.053,3064758.8058
2022,Uzbekistan,World,1201,1.757,8.78
2022,Viet Nam,World,1201,3009.483002,4749.501547
2022,Zambia,World,1201,12304.870311,18218.959
2022,Zimbabwe,World,1201,3155.88022,2441.1
2023,Angola,World,1201,0.5474289999999999,0.75
2023,Argentina,World,1201,1023976.33628,1853775.8053
2023,Armenia,World,1201,1.44959,0.141422
2023,Australia,World,1201,4506.908892,5293.06
2023,Austria,World,1201,99168.234672,105556.900196
2023,Azerbaijan,World,1201,1891.512,3002.4
2023,Bahrain,World,1201,2.743723,5.069964
2023,Belgium,World,1201,51405.582336,68720.82059999999
2023,Benin,World,1201,91456.486135,168703.656
2023,Bolivia (Plurinational State of),World,1201,221706.60731,459178.97
2023,Bosnia Herzegovina,World,1201,4867.591009,8820.88
2023,Botswana,World,1201,63.151579,218.0765
2023,Brazil,World,1201,53244619.427,101869904.091964
2023,Bulgaria,World,1201,35.138845,60.431
2023,Burkina Faso,World,1201,10466.153158,30140.456
2023,Cambodia,World,1201,7463.6909,13820.41335
2023,Cameroon,World,1201,107.983887,323.954
2023,Canada,World,1201,2643772.39646,4485802.58
2023,Chile,World,1201,9006.153970000001,3564.109286
2023,China,World,1201,83658.138,71398.103
2023,"China, Hong Kong SAR",World,1201,574.170878,601.312
2023,"China, Macao SAR",World,1201,0.669817,0.634
2023,Colombia,World,1201,0.225,0.15824
2023,Congo,World,1201,0.824458,0.792
2023,Costa Rica,World,1201,1.125,2.87494
2023,Croatia,World,1201,114950.652,223830.47258
2023,Czechia,World,1201,26019.158,41756.898251
2023,Côte d'Ivoire,World,1201,726.265869,2648.065
2023,Denmark,World,1201,2429.8191490000004,1291.432
2023,Egypt,World,1201,16.312528,29.391942
2023,Estonia,World,1201,141.45167,286.5162
2023,Eswatini,World,1201,198.63213,456.44
2023,Ethiopia,World,1201,130247.439351,207604.4
2023,Finland,World,1201,0.078933,0.021
2023,France,World,1201,87961.686307,121735.007195
2023,Germany,World,1201,24318.140171,29198.012564
2023,Greece,World,1201,828.3717839999999,1146.42
2023,Guatemala,World,1201,50.111,10.035
2023,Guyana,World,1201,1.3985029999999998,1.13
2023,Honduras,World,1201,1.88871,0.324
2023,Hungary,World,1201,86630.29053900001,149134.5662
2023,India,World,1201,18116.433347,22477.341
2023,Indonesia,World,1201,1163.727851,2561.073134
2023,Ireland,World,1201,1032.9251,1351.189
2023,Israel,World,1201,360.0,506.804521
2023,Italy,World,1201,20901.615518,17365.166513
2023,Jamaica,World,1201,0.16084,0.38
2023,Japan,World,1201,367.254136,139.140701
2023,Kazakhstan,World,1201,23046.01354,46119.9755
2023,Kenya,World,1201,14.541488,22.608
2023,Lao People's Dem. Rep.,World,1201,25.0,25.0
2023,Latvia,World,1201,3021.647328,2035.724
2023,Lithuania,World,1201,607.47,716.7929499999999
2023,Luxembourg,World,1201,48.344266000000005,21.4662
2023,Madagascar,World,1201,58.480838000000006,48.0
2023,Malawi,World,1201,40291.55064,57897.0702
2023,Malaysia,World,1201,7456.521087,9888.4333
2023,Mali,World,1201,372.445471,2277.0
2023,Mauritius,World,1201,1.727541,0.374
2023,Morocco,World,1201,0.698929,0.1789
2023,Mozambique,World,1201,47516.0,87997.27489900001
2023,Myanmar,World,1201,67.69614999999999,483.87
2023,Netherlands,World,1201,278991.55789600004,446005.881
2023,New Zealand,World,1201,0.192823,0.051
2023,Nicaragua,World,1201,36.249,175.06064999999998
2023,Nigeria,World,1201,268318.066085,2232257.926
2023,North Macedonia,World,1201,2.560615,1.352
2023,Norway,World,1201,61.319464999999994,2.488
2023,Oman,World,1201,220.296489,407.072829
2023,"Other Asia, nes",World,1201,85.623435,53.959428
2023,Pakistan,World,1201,38429.772212,70932.75
2023,Paraguay,World,1201,3423952.69392,6494847.930199999
2023,Peru,World,1201,667.18283,264.34279
2023,Poland,World,1201,45127.886,82356.95006100001
2023,Portugal,World,1201,4619.517981999999,7720.495709
2023,Rep. of Korea,World,1201,140.536,49.252024
2023,Rep. of Moldova,World,1201,20437.92,41760.279
2023,Romania,World,1201,82767.85636,132776.1844
2023,Saudi Arabia,World,1201,199.186662,358.894886
2023,Serbia,World,1201,4604.204,4913.606
2023,Singapore,World,1201,281.82191700000004,286.56566200000003
2023,Slovakia,World,1201,59509.991886,103936.991872
2023,Slovenia,World,1201,3939.829202,6757.809888000001
2023,South Africa,World,1201,388557.058958,688968.69048
2023,Sri Lanka,World,1201,63.508758,16.2408
2023,Sweden,World,1201,516.39175,127.255486
2023,Switzerland,World,1201,142.282342,62.10976
2023,Tajikistan,World,1201,0.195,0.2
2023,Thailand,World,1201,294.38414500000005,299.229
2023,Togo,World,1201,59145.315954000005,121086.59
2023,Trinidad and Tobago,World,1201,1.544829,0.4
2023,Türkiye,World,1201,52346.812,80079.817
2023,USA,World,1201,28006470.143,48718704.232
2023,Uganda,World,1201,15927.82847,21484.25
2023,Ukraine,World,1201,1281131.40429,3489891.658
2023,United Arab Emirates,World,1201,683.719303,1101.19672
2023,United Rep. of Tanzania,World,1201,52602.55024,101286.702693
2023,Uruguay,World,1201,414016.392,775459.195
2023,Uzbekistan,World,1201,3.0,10.0
2023,Viet Nam,World,1201,5296.219224,9542.737341
2023,Zambia,World,1201,41095.641491999995,91902.089
2023,Zimbabwe,World,1201,96.26832,55.869
2024,Angola,World,1201,145.37707,59.767129999999995
2024,Argentina,World,1201,1806213.92434,4145166.82
2024,Australia,World,1201,4260.976738,4218.984
2024,Austria,World,1201,100130.92327,129192.536216
2024,Azerbaijan,World,1201,1890.0,3000.0
2024,Bahrain,World,1201,4.110850999999999,2.6092
2024,Belgium,World,1201,47509.75494300001,78288.62675
2024,Benin,World,1201,69546.219729,184816.552
2024,Bolivia (Plurinational State of),World,1201,81106.50976999999,202390.8217
2024,Bosnia Herzegovina,World,1201,2575.836707,3919.88
2024,Brazil,World,1201,42941655.396,98812924.390106
2024,Bulgaria,World,1201,15.921748,6.886
2024,Burkina Faso,World,1201,3755.826429,14598.73
2024,Canada,World,1201,2418073.113126,5133238.777
2024,Chile,World,1201,7153.74269,2845.089286
2024,China,World,1201,67331.473,66369.321258
2024,"China, Hong Kong SAR",World,1201,589.7017169999999,617.987
2024,Costa Rica,World,1201,0.794,1.21924
2024,Croatia,World,1201,119022.687,237723.439448
2024,Czechia,World,1201,24860.336,46005.77772
2024,Côte d'Ivoire,World,1201,1161.354003,4947.009
2024,Denmark,World,1201,4436.038861,2596.98
2024,Ecuador,World,1201,31.38496,13.1676
2024,Egypt,World,1201,23.476,47.852651
2024,Estonia,World,1201,567.3408900000001,1264.5971000000002
2024,Finland,World,1201,13.932546,11.118672
2024,France,World,1201,59817.798335,89992.66797499999
2024,Georgia,World,1201,0.287888,0.375
2024,Germany,World,1201,26667.893765,40330.432227
2024,Greece,World,1201,1259.622425,2363.238
2024,Guatemala,World,1201,81.097,10.302
2024,Guyana,World,1201,0.021002,0.022
2024,Honduras,World,1201,3.4471999999999996,0.593
2024,Hungary,World,1201,67655.519462,135686.3794
2024,India,World,1201,4409.399122000001,7169.193734
2024,Indonesia,World,1201,1097.778056,2638.082992
2024,Ireland,World,1201,930.431562,1397.681
2024,Israel,World,1201,13.0,18.511581999999997
2024,Italy,World,1201,25431.481864,26502.949
2024,Japan,World,1201,309.936872,155.23363
2024,Kazakhstan,World,1201,15818.75706,40478.55
2024,Kenya,World,1201,8.956890999999999,0.874
2024,Latvia,World,1201,65.124383,22.764
2024,Lithuania,World,1201,1589.566,3098.686
2024,Luxembourg,World,1201,11.667693,3.098
2024,Madagascar,World,1201,0.04993,0.0998
2024,Malawi,World,1201,7386.23596,797.1765300000001
2024,Malaysia,World,1201,7746.029842,11760.49513
2024,Mauritius,World,1201,2.530036,0.597
2024,Mexico,World,1201,740.152,0.0
2024,Morocco,World,1201,0.53086,0.21
2024,Mozambique,World,1201,3885.5187,20457.21
2024,Myanmar,World,1201,18.0,20.0
2024,Netherlands,World,1201,232852.66747,451733.627
2024,New Zealand,World,1201,51.213806,26.04
2024,Nicaragua,World,1201,3001.794,1390.3147
2024,Nigeria,World,1201,118011.498884,472022.404
2024,North Macedonia,World,1201,9.62228,6.206
2024,Norway,World,1201,80.466533,17.324
2024,"Other Asia, nes",World,1201,114.795427,250.525226
2024,Pakistan,World,1201,124.482838,502.45
2024,Paraguay,World,1201,3170257.4963200004,7987013.628
2024,Peru,World,1201,9.6367,4.581376000000001
2024,Philippines,World,1201,0.425,0.06725
2024,Poland,World,1201,73536.167,142325.86379499998
2024,Portugal,World,1201,4659.733513,10175.750626
2024,Rep. of Korea,World,1201,59.299,6.87695
2024,Rep. of Moldova,World,1201,413.127,895.08
2024,Romania,World,1201,117516.61813,223026.9809
2024,Saudi Arabia,World,1201,1.408,1.1
2024,Senegal,World,1201,29.81589,179.64
2024,Serbia,World,1201,6168.643,7711.517
2024,Singapore,World,1201,821.071453,749.813858
2024,Slovakia,World,1201,75203.604944,146283.855
2024,Slovenia,World,1201,6787.483042999999,12344.5245
2024,South Africa,World,1201,71411.265722,99459.8348
2024,Spain,World,1201,3147.223254,4240.063392
2024,Sri Lanka,World,1201,88.011962,22.477
2024,Sweden,World,1201,518.280459,125.967295
2024,Switzerland,World,1201,172.737983,37.956747
2024,Thailand,World,1201,225.07204,245.839
2024,Togo,World,1201,23204.488281,49196.03
2024,Trinidad and Tobago,World,1201,2.114776,0.92
2024,Türkiye,World,1201,35346.8,56233.893
2024,USA,World,1201,24570058.895,52327703.059
2024,Uganda,World,1201,6349.27884,10549.19
2024,Ukraine,World,1201,1343111.81479,3429756.97
2024,United Kingdom,World,1201,2006.0749,2660.441057
2024,Uruguay,World,1201,1205824.32,2812805.333
2024,Uzbekistan,World,1201,7.75,220.0
2024,Zambia,World,1201,10659.303045,13657.697
2024,Zimbabwe,World,1201,51.784345,22.005
